num,team,car,confidence,source
69,Junk Propulsion Laboratory,2001 BMW 530i (E39),high,"Official Lemons entry list (Excel, 22 Sep 2026): https://24hoursoflemons.com/wp-content/uploads/2026/09/Entry_List_26Butt1_Blank_V01.xls -- entry list: '530ayyyeeee'; Button Turrible 2024 award listing: 2001 BMW 530i"
191,Princess Diana and….,2003 BMW 330i sedan (E46),high,"Official Lemons entry list (Excel, 22 Sep 2026): https://24hoursoflemons.com/wp-content/uploads/2026/09/Entry_List_26Butt1_Blank_V01.xls"
32,Slow and Seething,1987 BMW 325is (E30),high,"Official Lemons entry list (Excel, 22 Sep 2026): https://24hoursoflemons.com/wp-content/uploads/2026/09/Entry_List_26Butt1_Blank_V01.xls"
0,Hella Shitty Racing,1997 BMW 318ti (E36 compact),high,"Official Lemons entry list (Excel, 22 Sep 2026): https://24hoursoflemons.com/wp-content/uploads/2026/09/Entry_List_26Butt1_Blank_V01.xls"
118,Lexxy and the Wall Bangers,2002 Lexus IS300,high,"Official Lemons entry list (Excel, 22 Sep 2026): https://24hoursoflemons.com/wp-content/uploads/2026/09/Entry_List_26Butt1_Blank_V01.xls"
357,THE NOTORIOUS V.A.G,2004 Volkswagen Golf,high,"Official Lemons entry list (Excel, 22 Sep 2026): https://24hoursoflemons.com/wp-content/uploads/2026/09/Entry_List_26Butt1_Blank_V01.xls"
562,3off Racing (B Team!),1997 BMW 328 (E36),high,"Official Lemons entry list (Excel, 22 Sep 2026): https://24hoursoflemons.com/wp-content/uploads/2026/09/Entry_List_26Butt1_Blank_V01.xls"
192,Takata R&D,1992 Honda Accord LX,high,"Official Lemons entry list (Excel, 22 Sep 2026): https://24hoursoflemons.com/wp-content/uploads/2026/09/Entry_List_26Butt1_Blank_V01.xls"
888,True Performance ….,1989 BMW 325i (E30),high,"Official Lemons entry list (Excel, 22 Sep 2026): https://24hoursoflemons.com/wp-content/uploads/2026/09/Entry_List_26Butt1_Blank_V01.xls"
213,Prince Rogers Nelson,2003 Acura RSX,high,"Official Lemons entry list (Excel, 22 Sep 2026): https://24hoursoflemons.com/wp-content/uploads/2026/09/Entry_List_26Butt1_Blank_V01.xls"
257,25-Seven: Inconvenience Store,1993 Honda Accord,high,"Official Lemons entry list (Excel, 22 Sep 2026): https://24hoursoflemons.com/wp-content/uploads/2026/09/Entry_List_26Butt1_Blank_V01.xls"
989,JUNK RUNNERS,1986 Ford Truck,high,"Official Lemons entry list (Excel, 22 Sep 2026): https://24hoursoflemons.com/wp-content/uploads/2026/09/Entry_List_26Butt1_Blank_V01.xls"
121,Team Right Of Way -….,2004 Honda Civic,high,"Official Lemons entry list (Excel, 22 Sep 2026): https://24hoursoflemons.com/wp-content/uploads/2026/09/Entry_List_26Butt1_Blank_V01.xls"
282,Rancho de Llama,1978 Volvo 242,high,"Official Lemons entry list (Excel, 22 Sep 2026): https://24hoursoflemons.com/wp-content/uploads/2026/09/Entry_List_26Butt1_Blank_V01.xls"
619,Anal Corkscrew Probe,1993 Ford Probe,high,"Official Lemons entry list (Excel, 22 Sep 2026): https://24hoursoflemons.com/wp-content/uploads/2026/09/Entry_List_26Butt1_Blank_V01.xls"
8,Outlook Not So Good,1993 Mazda Miata,high,"Official Lemons entry list (Excel, 22 Sep 2026): https://24hoursoflemons.com/wp-content/uploads/2026/09/Entry_List_26Butt1_Blank_V01.xls"
71,Sorry For Party Racing,2001 Chevrolet Corvette,high,"Official Lemons entry list (Excel, 22 Sep 2026): https://24hoursoflemons.com/wp-content/uploads/2026/09/Entry_List_26Butt1_Blank_V01.xls"
44,HAZARD FRAUGHT,2009 Mini Cooper S,medium,"Official Lemons entry list (Excel, 22 Sep 2026): https://24hoursoflemons.com/wp-content/uploads/2026/09/Entry_List_26Butt1_Blank_V01.xls -- entry list shows #44 as team ""3S's&2K's and some T & A""; timing/tech list show ""HAZARD FRAUGHT"" (renamed after list published; car may differ)"
72,Team Lemo'ktoberfest,1999 Mazda Miata,high,"Official Lemons entry list (Excel, 22 Sep 2026): https://24hoursoflemons.com/wp-content/uploads/2026/09/Entry_List_26Butt1_Blank_V01.xls"
63,People's Republic of Racing,1991 Honda CRX,high,"Official Lemons entry list (Excel, 22 Sep 2026): https://24hoursoflemons.com/wp-content/uploads/2026/09/Entry_List_26Butt1_Blank_V01.xls"
117,Too Mini problems racing,2006 Mini Cooper S,high,"Official Lemons entry list (Excel, 22 Sep 2026): https://24hoursoflemons.com/wp-content/uploads/2026/09/Entry_List_26Butt1_Blank_V01.xls"
39,Bratwurst Racing,2003 Volkswagen Passat (wagon),high,"Official Lemons entry list (Excel, 22 Sep 2026): https://24hoursoflemons.com/wp-content/uploads/2026/09/Entry_List_26Butt1_Blank_V01.xls"
325,Last Call Racing,1992 Mazda Miata,high,"Official Lemons entry list (Excel, 22 Sep 2026): https://24hoursoflemons.com/wp-content/uploads/2026/09/Entry_List_26Butt1_Blank_V01.xls"
95,Boiling Hasenpfeffers,2001 Volkswagen GTI,high,"Official Lemons entry list (Excel, 22 Sep 2026): https://24hoursoflemons.com/wp-content/uploads/2026/09/Entry_List_26Butt1_Blank_V01.xls"
757,Catastrophic Concepts,1984 Toyota Celica,high,"Official Lemons entry list (Excel, 22 Sep 2026): https://24hoursoflemons.com/wp-content/uploads/2026/09/Entry_List_26Butt1_Blank_V01.xls"
414,Oktoberfest Racing,1970 BMW 2002,high,"Official Lemons entry list (Excel, 22 Sep 2026): https://24hoursoflemons.com/wp-content/uploads/2026/09/Entry_List_26Butt1_Blank_V01.xls"
98,Whale Wars Racing,1998 BMW 328i (E36),high,"Official Lemons entry list (Excel, 22 Sep 2026): https://24hoursoflemons.com/wp-content/uploads/2026/09/Entry_List_26Butt1_Blank_V01.xls"
64,Bare Minimum,1998 Volkswagen New Beetle,high,"Official Lemons entry list (Excel, 22 Sep 2026): https://24hoursoflemons.com/wp-content/uploads/2026/09/Entry_List_26Butt1_Blank_V01.xls"
259,Flying Scotsman,1990 BMW 325i,high,"Official Lemons entry list (Excel, 22 Sep 2026): https://24hoursoflemons.com/wp-content/uploads/2026/09/Entry_List_26Butt1_Blank_V01.xls"
104,Eastbound & Downforce,2007 Pontiac Solstice,high,"Official Lemons entry list (Excel, 22 Sep 2026): https://24hoursoflemons.com/wp-content/uploads/2026/09/Entry_List_26Butt1_Blank_V01.xls"
26,Go Go Godzilla,1994 Volvo 940,high,"Official Lemons entry list (Excel, 22 Sep 2026): https://24hoursoflemons.com/wp-content/uploads/2026/09/Entry_List_26Butt1_Blank_V01.xls"
38,Another Fine Mess,2005 Hyundai Elantra,high,"Official Lemons entry list (Excel, 22 Sep 2026): https://24hoursoflemons.com/wp-content/uploads/2026/09/Entry_List_26Butt1_Blank_V01.xls"
50,A Car DD Drivers,1997 Acura Integra GS-R,high,"Official Lemons entry list (Excel, 22 Sep 2026): https://24hoursoflemons.com/wp-content/uploads/2026/09/Entry_List_26Butt1_Blank_V01.xls -- entry list: 'Acura GS-RRRRRRRRRRR'"
717,Battle Scarred Motorsports,2007 Volkswagen GTI,high,"Official Lemons entry list (Excel, 22 Sep 2026): https://24hoursoflemons.com/wp-content/uploads/2026/09/Entry_List_26Butt1_Blank_V01.xls"
999,Old Fahrt Racing,2000 Volkswagen Jetta,high,"Official Lemons entry list (Excel, 22 Sep 2026): https://24hoursoflemons.com/wp-content/uploads/2026/09/Entry_List_26Butt1_Blank_V01.xls"
969,Sierra Auto Recycling,2000 Ford Crown Victoria,high,"Official Lemons entry list (Excel, 22 Sep 2026): https://24hoursoflemons.com/wp-content/uploads/2026/09/Entry_List_26Butt1_Blank_V01.xls"
988,The Flagship of Theseus,1985 BMW 535i (E28),high,"Official Lemons entry list (Excel, 22 Sep 2026): https://24hoursoflemons.com/wp-content/uploads/2026/09/Entry_List_26Butt1_Blank_V01.xls"
1,Cartman Racing,1995 Mazda Miata,high,"Official Lemons entry list (Excel, 22 Sep 2026): https://24hoursoflemons.com/wp-content/uploads/2026/09/Entry_List_26Butt1_Blank_V01.xls"
328,Official LeMons Taxi (R),1995 BMW 328i (E36),high,"Official Lemons entry list (Excel, 22 Sep 2026): https://24hoursoflemons.com/wp-content/uploads/2026/09/Entry_List_26Butt1_Blank_V01.xls"
103,Captain Ron’s Backdraft….,2003 BMW E46 with Freightliner semi-truck body,high,"Official Lemons entry list (Excel, 22 Sep 2026): https://24hoursoflemons.com/wp-content/uploads/2026/09/Entry_List_26Butt1_Blank_V01.xls -- entry list: '2003/Bmw/Freightliner/E46' (themed E46 build)"
82,Duct Tape n' Hammers,1983 Porsche 944,high,"Official Lemons entry list (Excel, 22 Sep 2026): https://24hoursoflemons.com/wp-content/uploads/2026/09/Entry_List_26Butt1_Blank_V01.xls"
444,Going Boldly,2005 Ford Crown Victoria,high,"Official Lemons entry list (Excel, 22 Sep 2026): https://24hoursoflemons.com/wp-content/uploads/2026/09/Entry_List_26Butt1_Blank_V01.xls"
189,Tired Iron Racing,1991 Mazda Miata,high,"Official Lemons entry list (Excel, 22 Sep 2026): https://24hoursoflemons.com/wp-content/uploads/2026/09/Entry_List_26Butt1_Blank_V01.xls"
11,Degens,2006 Subaru Impreza,high,"Official Lemons entry list (Excel, 22 Sep 2026): https://24hoursoflemons.com/wp-content/uploads/2026/09/Entry_List_26Butt1_Blank_V01.xls"
963,Borsche AG,1989 Toyota MR2 / Nissan Sentra hybrid,medium,"Official Lemons entry list (Excel, 22 Sep 2026): https://24hoursoflemons.com/wp-content/uploads/2026/09/Entry_List_26Butt1_Blank_V01.xls -- entry list: '1989/Toyotassan/Mr2 Hybrid Sentra'; Capitol Offense 2025 award listing: 1991 Nissan Sentra"
261,Living The Dream …. (R),1997 Mazda MX-5 Miata,high,"Official Lemons entry list (Excel, 22 Sep 2026): https://24hoursoflemons.com/wp-content/uploads/2026/09/Entry_List_26Butt1_Blank_V01.xls"
75,DONUT A-HOLES,1995 Honda Civic,high,"Official Lemons entry list (Excel, 22 Sep 2026): https://24hoursoflemons.com/wp-content/uploads/2026/09/Entry_List_26Butt1_Blank_V01.xls"
685,red fang (R),1981 Chevrolet Caprice,high,"Official Lemons entry list (Excel, 22 Sep 2026): https://24hoursoflemons.com/wp-content/uploads/2026/09/Entry_List_26Butt1_Blank_V01.xls"
801,Amtrack: Crapitol Corridor,2011 Mazda 3,high,"Official Lemons entry list (Excel, 22 Sep 2026): https://24hoursoflemons.com/wp-content/uploads/2026/09/Entry_List_26Butt1_Blank_V01.xls"
88,BM Badwrench Racing,1997 BMW 328i (E36),high,"Official Lemons entry list (Excel, 22 Sep 2026): https://24hoursoflemons.com/wp-content/uploads/2026/09/Entry_List_26Butt1_Blank_V01.xls"
745,Whatever_Racecar,1985 Volvo 745,high,"Official Lemons entry list (Excel, 22 Sep 2026): https://24hoursoflemons.com/wp-content/uploads/2026/09/Entry_List_26Butt1_Blank_V01.xls"
47,JZK Racing (R),1996 Honda Prelude,high,"Official Lemons entry list (Excel, 22 Sep 2026): https://24hoursoflemons.com/wp-content/uploads/2026/09/Entry_List_26Butt1_Blank_V01.xls"
702,College Fund Racing,1993 Mazda Miata,high,"Official Lemons entry list (Excel, 22 Sep 2026): https://24hoursoflemons.com/wp-content/uploads/2026/09/Entry_List_26Butt1_Blank_V01.xls"
404,Sticky-TC (R),2005 Scion tC,high,"Official Lemons entry list (Excel, 22 Sep 2026): https://24hoursoflemons.com/wp-content/uploads/2026/09/Entry_List_26Butt1_Blank_V01.xls"
80,PH Racing,1994 Chevrolet Camaro,high,"Official Lemons entry list (Excel, 22 Sep 2026): https://24hoursoflemons.com/wp-content/uploads/2026/09/Entry_List_26Butt1_Blank_V01.xls"
48,LiMoNada,2003 Ford Mustang,high,"Official Lemons entry list (Excel, 22 Sep 2026): https://24hoursoflemons.com/wp-content/uploads/2026/09/Entry_List_26Butt1_Blank_V01.xls"
971,Waffle Racers (R),1990 Mazda Miata,high,"Official Lemons entry list (Excel, 22 Sep 2026): https://24hoursoflemons.com/wp-content/uploads/2026/09/Entry_List_26Butt1_Blank_V01.xls"
3,Surfs up (R),2003 Nissan 350Z,high,"Official Lemons entry list (Excel, 22 Sep 2026): https://24hoursoflemons.com/wp-content/uploads/2026/09/Entry_List_26Butt1_Blank_V01.xls"
23,Agony of Da-Feet (R),1996 Acura Integra,high,"Official Lemons entry list (Excel, 22 Sep 2026): https://24hoursoflemons.com/wp-content/uploads/2026/09/Entry_List_26Butt1_Blank_V01.xls"
128,Richie Bobby Racing ….,1988 BMW 325ic (E30 convertible),high,"Official Lemons entry list (Excel, 22 Sep 2026): https://24hoursoflemons.com/wp-content/uploads/2026/09/Entry_List_26Butt1_Blank_V01.xls -- entry list: '1988/Bnw/325ic'"
62,Wieners Gone Mobile,1996 Volkswagen Golf GTI,high,"Official Lemons entry list (Excel, 22 Sep 2026): https://24hoursoflemons.com/wp-content/uploads/2026/09/Entry_List_26Butt1_Blank_V01.xls"
530,Eurobeaters,1998 BMW 328i (E36),high,"Official Lemons entry list (Excel, 22 Sep 2026): https://24hoursoflemons.com/wp-content/uploads/2026/09/Entry_List_26Butt1_Blank_V01.xls"
9,GT Poorty Racing,1983 Ford Fairmont,high,"Official Lemons entry list (Excel, 22 Sep 2026): https://24hoursoflemons.com/wp-content/uploads/2026/09/Entry_List_26Butt1_Blank_V01.xls"
858,Wassailing Fruitcakes,1993 Mazda Miata,high,"Official Lemons entry list (Excel, 22 Sep 2026): https://24hoursoflemons.com/wp-content/uploads/2026/09/Entry_List_26Butt1_Blank_V01.xls"
99,Patent It!,1995 Dodge Neon,high,"Official Lemons entry list (Excel, 22 Sep 2026): https://24hoursoflemons.com/wp-content/uploads/2026/09/Entry_List_26Butt1_Blank_V01.xls"
16,Electric Turtle,2018 Chevrolet Bolt EV,high,"Official Lemons entry list (Excel, 22 Sep 2026): https://24hoursoflemons.com/wp-content/uploads/2026/09/Entry_List_26Butt1_Blank_V01.xls"
975,Backdraft Brigade,1995 Mazda Miata,high,"Official Lemons entry list (Excel, 22 Sep 2026): https://24hoursoflemons.com/wp-content/uploads/2026/09/Entry_List_26Butt1_Blank_V01.xls"
703,College Fund Racing 3,1992 Mazda Miata,high,"Official Lemons entry list (Excel, 22 Sep 2026): https://24hoursoflemons.com/wp-content/uploads/2026/09/Entry_List_26Butt1_Blank_V01.xls"
124,Sorry For Party Racing,1978 Chevrolet LUV,high,"Official Lemons entry list (Excel, 22 Sep 2026): https://24hoursoflemons.com/wp-content/uploads/2026/09/Entry_List_26Butt1_Blank_V01.xls"
630,Another Fine Mess,1981 BMW 633CSi (E24),high,"Official Lemons entry list (Excel, 22 Sep 2026): https://24hoursoflemons.com/wp-content/uploads/2026/09/Entry_List_26Butt1_Blank_V01.xls"
911,SUPA DUPA Racing,1988 Volkswagen Jetta,high,"Official Lemons entry list (Excel, 22 Sep 2026): https://24hoursoflemons.com/wp-content/uploads/2026/09/Entry_List_26Butt1_Blank_V01.xls"
245,Shitty Shitty Bang Bang,1984 Volvo 245,high,"Official Lemons entry list (Excel, 22 Sep 2026): https://24hoursoflemons.com/wp-content/uploads/2026/09/Entry_List_26Butt1_Blank_V01.xls"
84,Cork Screw Racing,2004 Kia Rio,high,"Official Lemons entry list (Excel, 22 Sep 2026): https://24hoursoflemons.com/wp-content/uploads/2026/09/Entry_List_26Butt1_Blank_V01.xls"
883,Richie Bobby Racing ….,1991 Chevy S10,high,"Official Lemons entry list (Excel, 22 Sep 2026): https://24hoursoflemons.com/wp-content/uploads/2026/09/Entry_List_26Butt1_Blank_V01.xls"
250,Los Huevos Rancheros,1962 Ford Ranchero,high,"Official Lemons entry list (Excel, 22 Sep 2026): https://24hoursoflemons.com/wp-content/uploads/2026/09/Entry_List_26Butt1_Blank_V01.xls"
90,NB TuRD North …. (R),1990 Toyota Celica,high,"Official Lemons entry list (Excel, 22 Sep 2026): https://24hoursoflemons.com/wp-content/uploads/2026/09/Entry_List_26Butt1_Blank_V01.xls"
316,Richie Bobby Racing ….,1991 Acura Integra,high,"Official Lemons entry list (Excel, 22 Sep 2026): https://24hoursoflemons.com/wp-content/uploads/2026/09/Entry_List_26Butt1_Blank_V01.xls"
182,Kraut Funded Racing,1978 Volkswagen Scirocco,high,"Official Lemons entry list (Excel, 22 Sep 2026): https://24hoursoflemons.com/wp-content/uploads/2026/09/Entry_List_26Butt1_Blank_V01.xls"
670,Bernal Dads Racing,2001 Dodge Ram Van,high,"Official Lemons entry list (Excel, 22 Sep 2026): https://24hoursoflemons.com/wp-content/uploads/2026/09/Entry_List_26Butt1_Blank_V01.xls"
111,Blue Balls Racing,2005 Subaru Legacy GT,high,"Official Lemons entry list (Excel, 22 Sep 2026): https://24hoursoflemons.com/wp-content/uploads/2026/09/Entry_List_26Butt1_Blank_V01.xls"
81,Colonel Angus Racing,2007 Ford Focus,high,"Official Lemons entry list (Excel, 22 Sep 2026): https://24hoursoflemons.com/wp-content/uploads/2026/09/Entry_List_26Butt1_Blank_V01.xls"
333,3off Racing,1985 BMW 325e,high,"Official Lemons entry list (Excel, 22 Sep 2026): https://24hoursoflemons.com/wp-content/uploads/2026/09/Entry_List_26Butt1_Blank_V01.xls"
33,BM Badwrench Racing,1997 BMW 328i (E36),high,"Official Lemons entry list (Excel, 22 Sep 2026): https://24hoursoflemons.com/wp-content/uploads/2026/09/Entry_List_26Butt1_Blank_V01.xls"
136,Pour Choices 2,1995 Mazda Miata,high,"Official Lemons entry list (Excel, 22 Sep 2026): https://24hoursoflemons.com/wp-content/uploads/2026/09/Entry_List_26Butt1_Blank_V01.xls"
711,Right Now Racing,1996 Toyota Camry,high,"Official Lemons entry list (Excel, 22 Sep 2026): https://24hoursoflemons.com/wp-content/uploads/2026/09/Entry_List_26Butt1_Blank_V01.xls"
544,ONSET/Tetanus Racing,1960 Volvo PV544,high,"Official Lemons entry list (Excel, 22 Sep 2026): https://24hoursoflemons.com/wp-content/uploads/2026/09/Entry_List_26Butt1_Blank_V01.xls"
900,Yellow SAABmarine (R),1985 Saab 900,high,"Official Lemons entry list (Excel, 22 Sep 2026): https://24hoursoflemons.com/wp-content/uploads/2026/09/Entry_List_26Butt1_Blank_V01.xls"
77,Dough-ba-mens,2002 BMW 325Ci (E46),high,"Official Lemons entry list (Excel, 22 Sep 2026): https://24hoursoflemons.com/wp-content/uploads/2026/09/Entry_List_26Butt1_Blank_V01.xls"
707,Oktoberfest Racing,1976 BMW 2002,high,"Official Lemons entry list (Excel, 22 Sep 2026): https://24hoursoflemons.com/wp-content/uploads/2026/09/Entry_List_26Butt1_Blank_V01.xls"
36,SUPA DUPA Racing,1983 Volkswagen Rabbit,high,"Official Lemons entry list (Excel, 22 Sep 2026): https://24hoursoflemons.com/wp-content/uploads/2026/09/Entry_List_26Butt1_Blank_V01.xls -- entry list: '83/VW/Wabbit'"
96,Old Nerd Racing (R),1996 BMW Z3,high,"Official Lemons entry list (Excel, 22 Sep 2026): https://24hoursoflemons.com/wp-content/uploads/2026/09/Entry_List_26Butt1_Blank_V01.xls"
5,Richie Bobby Racing ….,1982 Ford Pinto,high,"Official Lemons entry list (Excel, 22 Sep 2026): https://24hoursoflemons.com/wp-content/uploads/2026/09/Entry_List_26Butt1_Blank_V01.xls -- entry list: 'Ford/Pinto Beans'"
78,Super Troop,1978 Mercury Zephyr,high,"Official Lemons entry list (Excel, 22 Sep 2026): https://24hoursoflemons.com/wp-content/uploads/2026/09/Entry_List_26Butt1_Blank_V01.xls"
170,Downtown browns,1994 Mazda MX-5 Miata,high,"Official Lemons entry list (Excel, 22 Sep 2026): https://24hoursoflemons.com/wp-content/uploads/2026/09/Entry_List_26Butt1_Blank_V01.xls"
129,Magicar Motors,1992 Honda Accord,high,"Official Lemons entry list (Excel, 22 Sep 2026): https://24hoursoflemons.com/wp-content/uploads/2026/09/Entry_List_26Butt1_Blank_V01.xls"
61,Safety Last Racing,1967 MG B-GT,high,"Official Lemons entry list (Excel, 22 Sep 2026): https://24hoursoflemons.com/wp-content/uploads/2026/09/Entry_List_26Butt1_Blank_V01.xls"
420,Mind Goblin Motors (R),2005 Mini Cooper S,high,"Official Lemons entry list (Excel, 22 Sep 2026): https://24hoursoflemons.com/wp-content/uploads/2026/09/Entry_List_26Butt1_Blank_V01.xls"
24,Lucky Ass Grass Glass Racing,1991 Mazda Miata,high,"Official Lemons entry list (Excel, 22 Sep 2026): https://24hoursoflemons.com/wp-content/uploads/2026/09/Entry_List_26Butt1_Blank_V01.xls"
171,Whip Shitty Racing,1972 Datsun 510,high,"Official Lemons entry list (Excel, 22 Sep 2026): https://24hoursoflemons.com/wp-content/uploads/2026/09/Entry_List_26Butt1_Blank_V01.xls"
40,EPA Racing,2007 Dodge Caliber,high,"Official Lemons entry list (Excel, 22 Sep 2026): https://24hoursoflemons.com/wp-content/uploads/2026/09/Entry_List_26Butt1_Blank_V01.xls"
89,The H.O.N.D.A (R),1989 Honda Civic,high,"Official Lemons entry list (Excel, 22 Sep 2026): https://24hoursoflemons.com/wp-content/uploads/2026/09/Entry_List_26Butt1_Blank_V01.xls"
6,Team Tinyvette,1969 Opel GT,high,"Official Lemons entry list (Excel, 22 Sep 2026): https://24hoursoflemons.com/wp-content/uploads/2026/09/Entry_List_26Butt1_Blank_V01.xls"
43,The Spy Who Drove ….,2008 Honda Civic,high,"Official Lemons entry list (Excel, 22 Sep 2026): https://24hoursoflemons.com/wp-content/uploads/2026/09/Entry_List_26Butt1_Blank_V01.xls"
101,Team Wingo,2000 Toyota Corolla,high,"Official Lemons entry list (Excel, 22 Sep 2026): https://24hoursoflemons.com/wp-content/uploads/2026/09/Entry_List_26Butt1_Blank_V01.xls"
222,Flog the dead horse,1994 Ford Mustang,high,"Official Lemons entry list (Excel, 22 Sep 2026): https://24hoursoflemons.com/wp-content/uploads/2026/09/Entry_List_26Butt1_Blank_V01.xls -- entry list: '1994/Fordish/Mushtang'"
