pos,num,class,class_pos,team,laps,best,best_lap,total_time
1,69,A,1,Junk Propulsion Laboratory,322,02:18.614,34,14:37:33.557
2,191,A,2,Princess Diana and….,318,02:18.232,218,14:37:55.633
3,32,A,3,Slow and Seething,318,02:17.823,39,14:37:59.868
4,0,A,4,Hella Shitty Racing,316,02:24.723,32,14:38:27.213
5,118,A,5,Lexxy and the Wall Bangers,316,02:18.226,205,14:39:22.416
6,357,A,6,THE NOTORIOUS V.A.G,315,02:18.966,198,14:38:41.229
7,562,A,7,3off Racing (B Team!),309,02:16.857,93,14:08:40.716
8,192,B,1,Takata R&D,307,02:19.836,41,14:39:59.841
9,888,A,8,True Performance ….,301,02:20.524,8,14:37:43.595
10,213,B,2,Prince Rogers Nelson,296,02:26.788,294,14:39:28.586
11,257,B,3,25-Seven: Inconvenience Store,295,02:21.985,195,14:38:39.299
12,989,B,4,JUNK RUNNERS,295,02:29.506,44,14:39:13.053
13,121,B,5,Team Right Of Way -….,291,02:30.098,282,14:38:15.834
14,282,B,6,Rancho de Llama,289,02:25.863,216,14:38:14.502
15,619,B,7,Anal Corkscrew Probe,287,02:29.956,229,14:39:04.159
16,8,B,8,Outlook Not So Good,284,02:23.575,123,14:37:49.134
17,71,A,9,Sorry For Party Racing,284,02:22.250,273,14:39:44.150
18,44,B,9,HAZARD FRAUGHT,282,02:28.995,41,14:38:33.256
19,72,B,10,Team Lemo'ktoberfest,281,02:30.230,181,14:39:54.707
20,63,C,1,People's Republic of Racing,279,02:23.489,170,14:38:27.034
21,117,C,2,Too Mini problems racing,276,02:27.477,247,14:39:37.133
22,39,C,3,Bratwurst Racing,274,02:31.424,198,14:39:08.616
23,325,B,11,Last Call Racing,271,02:31.660,224,14:38:12.712
24,95,A,10,Boiling Hasenpfeffers,269,02:18.750,231,14:30:29.692
25,757,B,12,Catastrophic Concepts,269,02:24.692,52,14:37:35.082
26,414,B,13,Oktoberfest Racing,266,02:26.976,73,14:39:23.351
27,98,A,11,Whale Wars Racing,265,02:15.910,86,14:39:06.673
28,64,C,4,Bare Minimum,263,02:32.834,261,14:40:06.813
29,259,B,14,Flying Scotsman,262,02:19.357,23,14:37:35.280
30,104,A,12,Eastbound & Downforce,261,02:31.772,83,14:38:42.039
31,26,B,15,Go Go Godzilla,258,02:23.820,40,14:39:58.675
32,38,B,16,Another Fine Mess,257,02:23.189,197,12:30:20.934
33,50,A,13,A Car DD Drivers,254,02:25.400,198,14:32:34.480
34,717,C,5,Battle Scarred Motorsports,250,02:26.114,151,14:38:12.290
35,999,C,6,Old Fahrt Racing,247,02:24.923,149,14:38:55.569
36,969,B,17,Sierra Auto Recycling,247,02:24.751,223,14:39:36.659
37,988,B,18,The Flagship of Theseus,246,02:21.117,244,14:39:37.083
38,1,B,19,Cartman Racing,245,02:26.305,144,14:38:44.193
39,328,A,14,Official LeMons Taxi (R),242,02:15.340,136,14:39:56.260
40,103,B,20,Captain Ron’s Backdraft….,240,02:25.004,151,14:38:30.173
41,82,A,15,Duct Tape n' Hammers,240,02:25.421,143,14:39:08.679
42,444,B,21,Going Boldly,240,02:22.655,196,14:39:22.475
43,189,A,16,Tired Iron Racing,239,02:25.328,25,14:24:52.594
44,11,C,7,Degens,238,02:28.745,146,14:40:00.185
45,963,C,8,Borsche AG,238,02:29.945,151,14:40:04.279
46,261,B,22,Living The Dream …. (R),237,02:38.542,172,14:39:05.385
47,75,C,9,DONUT A-HOLES,232,02:23.643,151,14:40:01.177
48,685,C,10,red fang (R),231,02:44.595,174,14:39:55.507
49,801,B,23,Amtrack: Crapitol Corridor,229,02:22.852,58,14:38:44.066
50,88,A,17,BM Badwrench Racing,228,02:30.450,64,14:39:00.168
51,745,C,11,Whatever_Racecar,227,02:21.414,117,14:38:27.817
52,47,B,24,JZK Racing (R),227,02:31.354,157,14:39:02.340
53,702,A,18,College Fund Racing,219,02:36.282,20,14:39:01.138
54,404,B,25,Sticky-TC (R),216,02:32.620,183,14:38:32.516
55,80,C,12,PH Racing,211,02:32.227,177,14:37:39.923
56,48,B,26,LiMoNada,206,02:23.406,197,14:38:08.242
57,971,B,27,Waffle Racers (R),205,02:31.876,13,14:39:04.798
58,3,A,19,Surfs up (R),201,02:23.895,101,14:39:59.438
59,23,C,13,Agony of Da-Feet (R),197,02:39.147,138,14:38:54.633
60,128,B,28,Richie Bobby Racing ….,197,02:23.224,102,14:39:36.966
61,62,C,14,Wieners Gone Mobile,189,02:30.159,170,14:39:36.302
62,530,A,20,Eurobeaters,187,02:18.563,89,14:38:52.120
63,9,C,15,GT Poorty Racing,185,02:15.252,154,11:24:29.849
64,858,B,29,Wassailing Fruitcakes,185,02:28.607,101,14:38:37.197
65,99,B,30,Patent It!,184,02:28.931,145,11:06:48.120
66,16,C,16,Electric Turtle,183,02:28.811,107,14:38:29.682
67,975,B,31,Backdraft Brigade,178,02:22.695,125,8:50:39.857
68,703,A,21,College Fund Racing 3,177,02:22.835,172,9:13:21.495
69,124,C,17,Sorry For Party Racing,174,02:27.846,73,14:39:44.333
70,630,B,32,Another Fine Mess,173,02:26.397,35,13:34:20.215
71,911,C,18,SUPA DUPA Racing,170,02:32.001,86,8:48:36.520
72,245,C,19,Shitty Shitty Bang Bang,161,02:39.496,22,14:14:22.566
73,84,C,20,Cork Screw Racing,153,02:38.532,67,11:53:36.089
74,883,C,21,Richie Bobby Racing ….,153,02:42.739,16,13:23:55.539
75,250,C,22,Los Huevos Rancheros,147,02:15.926,119,14:38:56.831
76,90,C,23,NB TuRD North …. (R),144,02:33.027,143,14:28:13.733
77,316,B,33,Richie Bobby Racing ….,139,02:34.868,21,7:52:54.161
78,182,C,24,Kraut Funded Racing,130,02:27.011,127,13:13:20.825
79,670,C,25,Bernal Dads Racing,129,02:34.240,70,7:00:28.163
80,111,B,34,Blue Balls Racing,127,02:28.000,98,14:37:51.618
81,81,C,26,Colonel Angus Racing,126,02:32.248,124,13:39:44.980
82,333,C,27,3off Racing,125,02:22.878,63,11:27:34.342
83,33,A,22,BM Badwrench Racing,124,02:26.841,23,8:35:47.555
84,136,B,35,Pour Choices 2,122,02:20.084,41,8:12:29.296
85,711,C,28,Right Now Racing,119,02:51.278,62,13:45:39.331
86,544,B,36,ONSET/Tetanus Racing,116,02:23.013,84,14:37:59.486
87,900,C,29,Yellow SAABmarine (R),116,02:24.583,106,14:38:59.750
88,77,A,23,Dough-ba-mens,116,02:24.661,62,14:39:27.039
89,707,B,37,Oktoberfest Racing,111,02:33.557,89,10:02:10.921
90,36,B,38,SUPA DUPA Racing,78,02:29.918,70,8:01:16.529
91,96,A,24,Old Nerd Racing (R),75,02:32.447,22,7:08:02.906
92,5,C,30,Richie Bobby Racing ….,75,02:39.652,16,9:29:42.777
93,78,B,39,Super Troop,74,02:29.260,7,3:47:22.767
94,170,A,25,Downtown browns,73,02:30.341,10,7:59:48.997
95,129,C,31,Magicar Motors,57,02:36.455,50,14:37:51.852
96,61,C,32,Safety Last Racing,50,02:30.218,24,8:38:49.589
97,420,B,40,Mind Goblin Motors (R),48,02:49.151,27,14:37:39.267
98,24,B,41,Lucky Ass Grass Glass Racing,44,02:32.320,21,2:28:15.731
99,171,B,42,Whip Shitty Racing,33,02:34.160,16,14:39:37.660
100,40,C,33,EPA Racing,16,02:42.641,15,50:11.432
101,89,B,43,The H.O.N.D.A (R),0,00.000,0,5:58:23.033
102,6,,1,Team Tinyvette,0,00.000,0,00.000
103,43,,2,The Spy Who Drove ….,0,00.000,0,00.000
104,101,,3,Team Wingo,0,00.000,0,00.000
105,222,,4,Flog the dead horse,0,00.000,0,00.000
